Gorengan,0.99999994
Latte,0.99999994
Indomie,0.99999994
Gorengan,0.99999994
Latte,0.99999994
Gorengan,0.99999994
Gorengan,0.99999994
Brownis,0.99999994
Gorengan,0.99999994
Latte,0.99999994
Indomie,0.9999998
Indomie,0.9999998
Nabati,0.9999996
Bubur,0.9999996
Nabati,0.9999996
Bubur,0.9999996
Bubur,0.9999996
Nabati,0.9999996
Bubur,0.9999996
Bubur,0.9999996
Sereal,0.99999946
Sereal,0.99999946
Ayam sambal matah,0.99999946
Ayam sambal matah,0.99999946
Ayam sambal matah,0.99999946
Ayam sambal matah,0.99999946
Sereal,0.99999946
Sereal,0.99999946
Ayam sambal matah,0.99999946
Sereal,0.99999946
Sereal,0.99999946
Piscok,0.99999946
Pizza,0.99999934
Richeese,0.99999934
Richeese,0.99999934
Croissant,0.99999934
Pizza,0.99999934
Richeese,0.99999934
Pizza,0.99999934
Pizza,0.99999934
Croissant,0.99999934
Pizza,0.99999934
Croissant,0.99999934
Susu,0.9999992
Bubur,0.9999992
Bubur,0.9999992
Bubur,0.9999992
Bubur,0.9999992
Bubur,0.9999992
Snack,0.9999992
Susu,0.9999992
Susu,0.9999992
Bubur,0.9999992
Bubur,0.9999992
Bihun,0.9999992
Bubur,0.9999992
Bubur,0.9999992
Bubur,0.9999992
Bubur,0.9999992
Bubur,0.9999992
Bubur,0.9999992
Susu,0.9999992
Bubur,0.9999992
Bubur,0.9999992
Bubur,0.9999992
Bubur,0.9999992
Bubur,0.9999992
Bubur,0.9999992
Bubur,0.9999992
Snack,0.9999992
Bubur,0.9999992
Bubur,0.9999992
Bubur,0.9999992
Bubur,0.9999992
Bubur,0.9999992
Bubur,0.9999992
Bihun,0.9999992
Bubur,0.9999992
Bubur,0.9999992
Bubur,0.9999992
Susu,0.9999992
Indomie,0.9999991
Indomie,0.9999991
Pocari sweat,0.999999
Pocari sweat,0.999999
Pocari sweat,0.999999
Pocari sweat,0.999999
Pocari sweat,0.999999
Waffle,0.99999887
Apem,0.99999875
Es kobok,0.9999986
Es kobok,0.9999986
Es kobok,0.9999986
Es kobok,0.9999986
Fillet,0.99999815
Fillet,0.99999815
Fillet,0.99999815
Fillet,0.99999815
Lasagna,0.99999803
Ebi,0.99999803
Lasagna,0.99999803
Lasagna,0.99999803
Ebi,0.99999803
Ebi,0.99999803
Ebi,0.99999803
Gimbap,0.99999744
Gimbap,0.99999744
Gimbap,0.99999744
Jjangmyeon,0.9999965
Jjangmyeon,0.9999965
Jjangmyeon,0.9999965
Coke float,0.99999624
Coke float,0.99999624
Coke float,0.99999624
Bubur,0.99999624
Coke float,0.99999624
Bubur,0.99999624
STMJ,0.9999961
STMJ,0.9999961
Gulai,0.9999959
Gulai,0.9999959
Gulai,0.9999959
Hot pot,0.99999577
Ramen,0.99999577
Bubur,0.99999577
Hot pot,0.99999577
Bubur,0.99999577
Bubur,0.99999577
Bubur,0.99999577
Ramen,0.99999577
Ramen,0.99999577
Rice bowl,0.9999954
Rice bowl,0.9999954
Rice bowl,0.9999954
Rice bowl,0.9999954
Rice bowl,0.9999954
Rice bowl,0.9999954
Kimchi,0.9999952
Kimchi,0.9999952
Kimchi,0.9999952
Macaron,0.9999952
Kimchi,0.9999952
Seblak,0.9999934
Seblak,0.9999934
Seblak,0.9999934
Seblak,0.9999934
Seblak,0.9999934
Seblak,0.9999934
Bubur,0.99999326
Bubur,0.99999326
Juice,0.99999315
Juice,0.99999315
Coca cola,0.99999315
Sop Ayam,0.99999315
Juice,0.99999315
Juice,0.99999315
Juice,0.99999315
Air putih,0.99999195
Air putih,0.99999195
Air putih,0.99999195
Udon,0.99999124
Udon,0.99999124
Udon,0.99999124
Udon,0.99999124
Wiski,0.99998945
Sushi,0.99998933
Gorengan,0.99998933
Sushi,0.99998933
Gorengan,0.99998933
Gorengan,0.99998933
Sushi,0.99998933
Ubi kukus,0.9999891
Rawon,0.9999891
Rawon,0.9999891
Rawon,0.9999891
Roti kukus,0.9999878
Roti kukus,0.9999878
Roti kukus,0.9999878
Roti kukus,0.9999878
Roti kukus,0.9999878
Roti kukus,0.9999878
Brownis,0.99998707
Sup,0.99998707
Brownis,0.99998707
Brownis,0.99998707
Sup,0.99998707
Brownis,0.99998707
Sup,0.99998707
Brownis,0.99998707
Brownis,0.99998707
Sup,0.99998707
Brownis,0.99998707
Sup,0.99998707
Brownis,0.99998707
Brownis,0.99998707
Brownis,0.99998707
Brownis,0.99998707
Brownis,0.99998707
Brownis,0.99998707
Brownis,0.99998707
Brownis,0.99998707
Sup,0.99998707
Brownis,0.99998707
Brownis,0.99998707
Sup,0.99998707
Brownis,0.99998707
Brownis,0.99998707
Brownis,0.99998707
Brownis,0.99998707
Sup,0.99998707
Brownis,0.99998707
Brownis,0.99998707
Sup,0.99998707
Kue lumpur,0.999986
Kue lumpur,0.999986
Kolak,0.99998444
Kolak,0.99998444
Kolak,0.99998444
Donat,0.99998313
Donat,0.99998313
Donat,0.99998313
Donat,0.99998313
Donat,0.99998313
Biskuit,0.9999823
Biskuit,0.9999823
Biskuit,0.9999823
Regal,0.99998146
Regal,0.99998146
Regal,0.99998146
Sashimi,0.99998134
Sashimi,0.99998134
Sashimi,0.99998134
Sashimi,0.99998134
Sashimi,0.99998134
Agar agar,0.9999811
Agar agar,0.9999811
Japchae,0.9999811
Japchae,0.9999811
Japchae,0.9999811
Japchae,0.9999811
Japchae,0.9999811
Japchae,0.9999811
Roti,0.999981
Barbeque,0.999981
Barbeque,0.999981
Roti,0.999981
Roti,0.999981
Roti,0.999981
Roti,0.999981
Kue,0.9999805
Kue,0.9999805
Kue,0.9999805
Kue,0.9999805
Kue,0.9999805
Kue,0.9999805
Pare,0.9999803
Biskuit,0.9999797
Biskuit,0.9999797
Biskuit,0.9999797
Biskuit,0.9999797
Biskuit,0.9999797
Ramyeon,0.9999781
Ramyeon,0.9999781
Ramyeon,0.9999781
Ramyeon,0.9999781
Ramyeon,0.9999781
Milo,0.999978
Milo,0.999978
Pudding,0.9999779
Lidah kucing,0.9999775
Lidah kucing,0.9999775
Seblak,0.99997693
Espresso,0.99997693
Seblak,0.99997693
Espresso,0.99997693
Seblak,0.99997693
Seblak,0.99997693
Martabak,0.99997646
Martabak,0.99997646
Tempura,0.99997586
Tempura,0.99997586
Tempura,0.99997586
Tempura,0.99997586
Tempura,0.99997586
Chicken box,0.9999748
Macaroni,0.9999743
Rebung,0.9999737
Rebung,0.9999737
Fish ball,0.9999729
Fish ball,0.9999729
Fish ball,0.9999729
Steak,0.99997276
Steak,0.99997276
Tuna,0.9999724
Nachos,0.99997205
Nachos,0.99997205
Tteokbokki,0.99997157
Tteokbokki,0.99997157
Tteokbokki,0.99997157
Black forrest,0.99997133
Black forrest,0.99997133
Black forrest,0.99997133
Black forrest,0.99997133
Zuppa soup,0.9999711
Zuppa soup,0.9999711
Zuppa soup,0.9999711
Fettucini,0.9999706
Fettucini,0.9999706
Fettucini,0.9999706
Kolang kaling,0.9999705
Seblak,0.9999694
Seblak,0.9999694
Nasi kucing,0.9999686
Nasi kucing,0.9999686
Nasi kucing,0.9999686
Smoothies,0.9999668
Smoothies,0.9999668
Smoothies,0.9999668
Smoothies,0.9999668
Smoothies,0.9999668
Miso soup,0.9999656
Miso soup,0.9999656
Miso soup,0.9999656
Miso soup,0.9999656
Aglio Olio,0.9999638
Ovaltine,0.9999625
Ovaltine,0.9999625
Keripik,0.9999617
Keripik,0.9999617
Roti,0.99996096
Roti,0.99996096
Roti,0.99996096
Roti,0.99996096
Roti,0.99996096
Roti,0.99996096
Roti,0.99996096
Roti,0.99996096
Roti,0.99996096
Roti,0.99996096
Nastar,0.99996084
Nastar,0.99996084
Nastar,0.99996084
Manisan,0.9999588
Doughnut,0.9999587
Serabi,0.999958
Serabi,0.999958
Serabi,0.999958
Serabi,0.999958
Serabi,0.999958
Shirataki,0.99995774
Shirataki,0.99995774
Shirataki,0.99995774
Shirataki,0.99995774
Shirataki,0.99995774
Sop iga,0.9999549
Tiramisu,0.9999538
Tiramisu,0.9999538
Tiramisu,0.9999538
Tiramisu,0.9999538
Kratingdaeng,0.99995357
Kratingdaeng,0.99995357
BBQ,0.99995166
BBQ,0.99995166
BBQ,0.99995166
Gorengan,0.99995106
Gorengan,0.99995106
Gorengan,0.99995106
Gorengan,0.99995106
Gorengan,0.99995106
Gorengan,0.99995106
Gorengan,0.99995106
Gorengan,0.99995106
Gorengan,0.99995106
Gorengan,0.99995106
Gorengan,0.99995106
Gorengan,0.99995106
Gorengan,0.99995106
Gorengan,0.99995106
Gorengan,0.99995106
Gorengan,0.99995106
Gorengan,0.99995106
Gorengan,0.99995106
Gorengan,0.99995106
Gorengan,0.99995106
Teriyaki,0.99995095
Teriyaki,0.99995095
Beng beng,0.99995095
Beng beng,0.99995095
Teriyaki,0.99995095
Beng beng,0.99995095
Cakwe,0.9999493
Cakwe,0.9999493
Cakwe,0.9999493
Cakwe,0.9999493
Cakwe,0.9999493
Cakwe,0.9999493
Perkedel,0.9999483
Perkedel,0.9999483
Perkedel,0.9999483
Perkedel,0.9999483
Perkedel,0.9999483
Perkedel,0.9999483
Perkedel,0.9999483
Nescafe,0.99994725
Nescafe,0.99994725
Pie cream,0.9999464
Pie cream,0.9999464
Oreo,0.99994594
Oreo,0.99994594
Oreo,0.99994594
Oreo,0.99994594
Lontong,0.99994546
Lontong,0.99994546
Milkshake,0.99994427
Milkshake,0.99994427
Milkshake,0.99994427
Matcha,0.9999421
Mie ayam,0.99994177
Mie ayam,0.99994177
Tempe mendoan,0.99994165
Tempe mendoan,0.99994165
Nasi kebuli,0.9999406
Nasi kebuli,0.9999406
Nasi kebuli,0.9999406
Gulai,0.99994045
Gulai,0.99994045
Gulai,0.99994045
Gulai,0.99994045
Gulai,0.99994045
Gulai,0.99994045
Gulai,0.99994045
Ceker,0.99993974
Ceker,0.99993974
Ceker,0.99993974
Kerak telor,0.999937
Kerak telor,0.999937
Kerak telor,0.999937
Kerak telor,0.999937
Ekkado,0.9999357
Frappuccino,0.99993414
Frappuccino,0.99993414
Crab stick,0.9999334
Carbonara,0.9999284
Carbonara,0.9999284
Carbonara,0.9999284
Carbonara,0.9999284
Carbonara,0.9999284
McD,0.9999277
Soju,0.9999276
Soju,0.9999276
Soju,0.9999276
Taro,0.99992555
Taro,0.99992555
Taro,0.99992555
Taro,0.99992555
Taro,0.99992555
Tomyum,0.99992377
Tomyum,0.99992377
Tomyum,0.99992377
Tomyum,0.99992377
Tomyum,0.99992377
Baguette,0.9999235
Baguette,0.9999235
Baguette,0.9999235
Baguette,0.9999235
Baguette,0.9999235
Klappertaart,0.9999221
Klappertaart,0.9999221
Klappertaart,0.9999221
Klappertaart,0.9999221
Klappertaart,0.9999221
Klappertaart,0.9999221
Bintang,0.9999189
Bintang,0.9999189
Bintang,0.9999189
Bintang,0.9999189
Bintang,0.9999189
Soba,0.9999172
Soba,0.9999172
Soba,0.9999172
Soba,0.9999172
Soba,0.9999172
Soba,0.9999172
Kornet,0.9999158
Kornet,0.9999158
Liwet,0.9999154
Liwet,0.9999154
Liwet,0.9999154
Liwet,0.9999154
Es kelapa,0.999914
Es kelapa,0.999914
Talam,0.9999129
Zuppa soup,0.9999128
Zuppa soup,0.9999128
Zuppa soup,0.9999128
Zuppa soup,0.9999128
Teri,0.99991256
Teri,0.99991256
Teri,0.99991256
Teri,0.99991256
Air,0.99991125
Air,0.99991125
Air,0.99991125
Telor balado,0.9999103
Telor balado,0.9999103
Telor balado,0.9999103
Telor balado,0.9999103
Telor balado,0.9999103
Buncis,0.9999102
Bibimbap,0.99990875
Bibimbap,0.99990875
Bibimbap,0.99990875
Bibimbap,0.99990875
Tempe orek,0.9999073
Tempe orek,0.9999073
Tempe orek,0.9999073
Tempe orek,0.9999073
Kukubima,0.99990624
Kukubima,0.99990624
Kukubima,0.99990624
Kukubima,0.99990624
Kukubima,0.99990624
Kukubima,0.99990624
Pindang,0.9999053
Pindang,0.9999053
Pindang,0.9999053
Pindang,0.9999053
Pindang,0.9999053
Pindang,0.9999053
Martabak,0.9999035
Martabak,0.9999035
Martabak,0.9999035
Martabak,0.9999035
Martabak,0.9999035
Martabak,0.9999035
Martabak,0.9999035
Martabak,0.9999035
Martabak,0.9999035
Martabak,0.9999035
Martabak,0.9999035
Martabak,0.9999035
Martabak,0.9999035
Martabak,0.9999035
Martabak,0.9999035
Martabak,0.9999035
Martabak,0.9999035
Martabak,0.9999035
Martabak,0.9999035
Martabak,0.9999035
Martabak,0.9999035
Martabak,0.9999035
Martabak,0.9999035
Martabak,0.9999035
Martabak,0.9999035
Martabak,0.9999035
Martabak,0.9999035
Martabak,0.9999035
Martabak,0.9999035
Fish & Chips,0.9999034
Fish & Chips,0.9999034
Fish & Chips,0.9999034
Fish & Chips,0.9999034
Fish & Chips,0.9999034
Mushroom,0.9999028
Mushroom,0.9999028
Mushroom,0.9999028
Mushroom,0.9999028
Mushroom,0.9999028
Mushroom,0.9999028
Pisang,0.99990183
Pisang,0.99990183
Pisang,0.99990183
Pisang,0.99990183
Pisang,0.99990183
Burger,0.99989825
Burger,0.99989825
Burger,0.99989825
Burger,0.99989825
Burger,0.99989825
Burger,0.99989825
Burger,0.99989825
Burger,0.99989825
Burger,0.99989825
Burger,0.99989825
Burger,0.99989825
Pasta,0.99989814
Pasta,0.99989814
Pasta,0.99989814
Pasta,0.99989814
Pasta,0.99989814
Pasta,0.99989814
Sandwich,0.999896
Sandwich,0.999896
Salted egg,0.9998955
Salted egg,0.9998955
Salted egg,0.9998955
Salted egg,0.9998955
Salted egg,0.9998955
Salted egg,0.9998955
Salted egg,0.9998955
Tortilla,0.9998949
Tortilla,0.9998949
Tortilla,0.9998949
Tortilla,0.9998949
Tortilla,0.9998949
Tortilla,0.9998949
Tortilla,0.9998949
Tongseng,0.9998942
Tongseng,0.9998942
Nutella,0.9998904
Nutella,0.9998904
Kari kambing,0.9998893
Kari kambing,0.9998893
Kari kambing,0.9998893
Putu ayu,0.99988824
Putu ayu,0.99988824
Souffle,0.99988765
Souffle,0.99988765
Souffle,0.99988765
Souffle,0.99988765
Churros,0.9998874
Churros,0.9998874
Onion ring,0.9998842
Onion ring,0.9998842
Pandan,0.99988216
Pandan,0.99988216
Indomie,0.99988097
Indomie,0.99988097
Indomie,0.99988097
Indomie,0.99988097
Indomie,0.99988097
Indomie,0.99988097
Indomie,0.99988097
Indomie,0.99988097
Kastengel,0.99988025
Kastengel,0.99988025
Luwak white,0.99988
Luwak white,0.99988
Risoles,0.9998798
Risoles,0.9998798
Risoles,0.9998798
Risoles,0.9998798
Risoles,0.9998798
Telur,0.99987745
Telur,0.99987745
Wajik ketan,0.99987674
Rengginang,0.9998727
Rengginang,0.9998727
Rengginang,0.9998727
Rengginang,0.9998727
Rengginang,0.9998727
Jalapeno,0.99987245
Jalapeno,0.99987245
Gulai otak,0.99987006
Ayam suwir,0.9998665
Ayam suwir,0.9998665
Gurame,0.999866
Gurame,0.999866
Gurame,0.999866
Gurame,0.999866
Gurame,0.999866
Eclair,0.99986315
Rogut,0.9998617
Mozarella,0.99986124
Mozarella,0.99986124
Mozarella,0.99986124
Mozarella,0.99986124
Almond,0.99986076
Almond,0.99986076
Almond,0.99986076
Dumpling,0.9998605
Dumpling,0.9998605
Dumpling,0.9998605
Dumpling,0.9998605
Dumpling,0.9998605
Energen,0.9998591
Energen,0.9998591
Nasi gudeg,0.99985814
Nasi gudeg,0.99985814
Nasi gudeg,0.99985814
Nasi gudeg,0.99985814
Pisang goreng,0.9998574
Pisang goreng,0.9998574
Pisang goreng,0.9998574
Pisang goreng,0.9998574
Kerupuk,0.99985456
Kerupuk,0.99985456
Bika ambon,0.99985385
Bika ambon,0.99985385
Bika ambon,0.99985385
Bika ambon,0.99985385
Indomie,0.99985266
Indomie,0.99985266
Indomie,0.99985266
Indomie,0.99985266
Indomie,0.99985266
Indomie,0.99985266
Indomie,0.99985266
Indomie,0.99985266
Indomie,0.99985266
Indomie,0.99985266
Seledri,0.99984956
Ayam rica rica,0.99984956
Seledri,0.99984956
Ayam rica rica,0.99984956
Ayam rica rica,0.99984956
Fanta,0.9998486
Es cendol,0.99984837
Pastel,0.9998481
Putri salju,0.99984527
Putri salju,0.99984527
Air teh,0.9998424
Air teh,0.9998424
Air teh,0.9998424
Cilok,0.9998417
Cilok,0.9998417
Cilok,0.9998417
Cilok,0.9998417
Cilok,0.9998417
Cilok,0.9998417
Cilok,0.9998417
Cilok,0.9998417
Cilok,0.9998417
Cilok,0.9998417
Cilok,0.9998417
Cilok,0.9998417
Cah kembang kol,0.99983907
Cah kembang kol,0.99983907
Ayam geprek,0.9998388
Ayam geprek,0.9998388
Ayam geprek,0.9998388
Ayam geprek,0.9998388
Ayam geprek,0.9998388
Ayam geprek,0.9998388
Gorengan,0.99983716
Opor ayam,0.9998343
Opor ayam,0.9998343
Opor ayam,0.9998343
Opor ayam,0.9998343
Opor ayam,0.9998343
Opor ayam,0.9998343
Petis,0.9998331
Petis,0.9998331
Petis,0.9998331
Petis,0.9998331
Petis,0.9998331
Petis,0.9998331
Petis,0.9998331
Petis,0.9998331
Garlic bread,0.99983263
Garlic bread,0.99983263
Indomie,0.9998319
Indomie,0.9998319
Indomie,0.9998319
Indomie,0.9998319
Indomie,0.9998319
Indomie,0.9998319
Indomie,0.9998319
Indomie,0.9998319
Indomie,0.9998319
Indomie,0.9998319
Indomie,0.9998319
Indomie,0.9998319
Indomie,0.9998319
Indomie,0.9998319
Indomie,0.9998319
Indomie,0.9998319
Indomie,0.9998319
Indomie,0.9998319
Indomie,0.9998319
Indomie,0.9998319
Indomie,0.9998319
Indomie,0.9998319
Indomie,0.9998319
Indomie,0.9998319
Indomie,0.9998319
Indomie,0.9998319
Indomie,0.9998319
Indomie,0.9998319
Indomie,0.9998319
Indomie,0.9998319
Indomie,0.9998319
Indomie,0.9998319
Indomie,0.9998319
Indomie,0.9998319
Indomie,0.9998319
Indomie,0.9998319
Indomie,0.9998319
Indomie,0.9998319
Indomie,0.9998319
Indomie,0.9998319
Indomie,0.9998319
Indomie,0.9998319
Indomie,0.9998319
Indomie,0.9998319
Indomie,0.9998319
Indomie,0.9998319
Indomie,0.9998319
Indomie,0.9998319
Indomie,0.9998319
Indomie,0.9998319
Indomie,0.9998319
Indomie,0.9998319
Indomie,0.9998319
Indomie,0.9998319
Indomie,0.9998319
Roti canai,0.9998307
Roti canai,0.9998307
Roti canai,0.9998307
Indomie,0.9998305
Indomie,0.9998305
Indomie,0.9998305
Indomie,0.9998305
Indomie,0.9998305
Indomie,0.9998305
Indomie,0.9998305
Indomie,0.9998281
Indomie,0.9998281
Indomie,0.9998281
Indomie,0.9998281
Lalapan,0.99982786
Lalapan,0.99982786
Lalapan,0.99982786
Lalapan,0.99982786
Lalapan,0.99982786
Lalapan,0.99982786
Ati ampela,0.99982786
Lalapan,0.99982786
Lalapan,0.99982786
Roti,0.9998238
Roti,0.9998238
Roti,0.9998238
Roti,0.9998238
Lapis legit,0.9998183
Pecel,0.9998157
Pecel,0.9998157
Pecel,0.9998157
Pecel,0.9998157
Pecel,0.9998157
Pecel,0.9998157
Pecel,0.9998157
Waffle,0.99981236
Bawal,0.99980855
Rujak,0.99980783
Rujak,0.99980783
Mayo,0.99979687
Mayo,0.99979687
Tomyum,0.9997966
Tomyum,0.9997966
Tomyum,0.9997966
Seafood,0.99979496
Seafood,0.99979496
Seafood,0.99979496
Seafood,0.99979496
Seafood,0.99979496
Seafood,0.99979496
Seafood,0.99979496
Seafood,0.99979496
Mie rebus,0.9997947
Mie rebus,0.9997947
Thai tea,0.9997947
Mie rebus,0.9997947
Mie rebus,0.9997947
Telur asin,0.9997878
Telur asin,0.9997878
Telur asin,0.9997878
Snack,0.9997864
Snack,0.9997864
Snack,0.9997864
Snack,0.9997864
Snack,0.9997864
Snack,0.9997864
Snack,0.9997864
Snack,0.9997864
Snack,0.9997864
Snack,0.9997864
Snack,0.9997864
Snack,0.9997864
Snack,0.9997864
Bubur mutiara,0.99978447
Bubur mutiara,0.99978447
Bubur mutiara,0.99978447
Bubur mutiara,0.99978447
Soto betawi,0.99977565
Soto betawi,0.99977565
Soto betawi,0.99977565
Soto betawi,0.99977565
Soto betawi,0.99977565
Seblak,0.99977493
Seblak,0.99977493
Seblak,0.99977493
Seblak,0.99977493
Seblak,0.99977493
Seblak,0.99977493
Seblak,0.99977493
Seblak,0.99977493
Seblak,0.99977493
Seblak,0.99977493
Seblak,0.99977493
Seblak,0.99977493
Seblak,0.99977493
Seblak,0.99977493
Seblak,0.99977493
Seblak,0.99977493
Seblak,0.99977493
Seblak,0.99977493
Seblak,0.99977493
Seblak,0.99977493
Seblak,0.99977493
Hamburger,0.9997721
Hamburger,0.9997721
Jamur geprek,0.99977016
Jamur geprek,0.99977016
Jamur geprek,0.99977016
Jamur geprek,0.99977016
Bacang,0.9997678
Bacang,0.9997678
Bacang,0.9997678
Kebab,0.99976707
Kebab,0.99976707
Kebab,0.99976707
Kebab,0.99976707
Kebab,0.99976707
Kebab,0.99976707
Kebab,0.99976707
Kebab,0.99976707
Kebab,0.99976707
Kebab,0.99976707
Kebab,0.99976707
Kebab,0.99976707
Kebab,0.99976707
Kebab,0.99976707
Bawang,0.9997668
Ayam kecap,0.99976397
Ayam kecap,0.99976397
Ayam kecap,0.99976397
Keju,0.9997611
Keju,0.9997611
Keju,0.9997611
Tekwan,0.99976087
Tekwan,0.99976087
Kolak,0.99975324
Kolak,0.99975324
Toast,0.99975264
Kari,0.99974954
Pancake,0.99974847
Pancake,0.99974847
Pancake,0.99974847
Pancake,0.99974847
Sayap mercon,0.9997437
Pisang Keju,0.9997417
Pisang Keju,0.9997417
Pisang Keju,0.9997417
Pisang Keju,0.9997417
Pisang Keju,0.9997417
Cream soup,0.99973965
Sarden,0.99973834
Sarden,0.99973834
Gelato,0.9997318
Gelato,0.9997318
Gelato,0.9997318
Lumpia,0.9997295
Lumpia,0.9997295
Sempol,0.99972427
Sempol,0.99972427
Sempol,0.99972427
Snack,0.99972177
Snack,0.99972177
Snack,0.99972177
Snack,0.99972177
Snack,0.99972177
Snack,0.99972177
Snack,0.99972177
Snack,0.99972177
Snack,0.99972177
Snack,0.99972177
Snack,0.99972177
Snack,0.99972177
Snack,0.99972177
Snack,0.99972177
Snack,0.99972177
Snack,0.99972177
Snack,0.99972177
Snack,0.99972177
Snack,0.99972177
Snack,0.99972177
Snack,0.99972177
Snack,0.99972177
Snack,0.99972177
Snack,0.99972177
Snack,0.99972177
Snack,0.99972177
Snack,0.99972177
Snack,0.99972177
Snack,0.99972177
Snack,0.99972177
Snack,0.99972177
Snack,0.99972177
Snack,0.99972177
Jamur,0.9997189
Jamur,0.9997189
Jamur,0.9997189
Terong,0.9997165
Terong,0.9997165
Terong,0.9997165
Terong,0.9997165
Black sesame,0.99971056
Nagasari,0.9997033
Bubur,0.99970126
Bubur,0.99970126
Bubur,0.99970126
Bubur,0.99970126
Hazelnut,0.99969995
Hazelnut,0.99969995
Hazelnut,0.99969995
Hazelnut,0.99969995
Bubur,0.9996853
Bubur,0.9996853
Bubur,0.9996853
Klepon,0.99968004
Klepon,0.99968004
Klepon,0.99968004
Cornet,0.9996767
Ongol ongol,0.99966586
Ongol ongol,0.99966586
Mango sticky rice,0.9996623
Mango sticky rice,0.9996623
Mango sticky rice,0.9996623
Mango sticky rice,0.9996623
Mango sticky rice,0.9996623
Mango sticky rice,0.9996623
Salted caramel,0.9996623
Mango sticky rice,0.9996623
Mango sticky rice,0.9996623
Takoyaki,0.9996604
Takoyaki,0.9996604
Gorengan,0.99966
Gorengan,0.99966
Gorengan,0.99966
Gorengan,0.99966
Gorengan,0.99966
Gorengan,0.99966
Gorengan,0.99966
Gorengan,0.99966
Gorengan,0.99966
Gorengan,0.99966
Gorengan,0.99966
Gorengan,0.99966
Sate kambing,0.99965954
Sate kambing,0.99965954
Sate kambing,0.99965954
Sate kambing,0.99965954
Caisim,0.9996586
Caisim,0.9996586
Caisim,0.9996586
Salmon,0.99965763
Salmon,0.99965763
Salmon,0.99965763
Bayam,0.9996569
Pukis,0.9996555
Pukis,0.9996555
Pukis,0.9996555
Kopi,0.9996544
Kopi,0.9996544
Mie rebus,0.9996494
Mie rebus,0.9996494
Mie rebus,0.9996494
Mie rebus,0.9996494
Ketoprak,0.99963415
Ketoprak,0.99963415
Ketoprak,0.99963415
Ketoprak,0.99963415
Nasi Goreng,0.9996285
Nasi Goreng,0.9996285
Nasi Goreng,0.9996285
Ayam geprek,0.99962693
Ayam geprek,0.99962693
Ayam geprek,0.99962693
Oncom,0.9996255
Oncom,0.9996255
Oncom,0.9996255
Paru,0.99962217
Kacang,0.999608
Kacang,0.999608
Kacang,0.999608
Kacang,0.999608
Kacang,0.999608
Baso,0.99960774
Baso,0.99960774
Permen,0.99959236
Permen,0.99959236
Permen,0.99959236
Spring roll,0.99957854
Spring roll,0.99957854
Spring roll,0.99957854
Spring roll,0.99957854
Bistik,0.9995732
Bistik,0.9995732
Bistik,0.9995732
Udang,0.9995602
Udang,0.9995602
Udang,0.9995602
Udang,0.9995602
Udang,0.9995602
Udang,0.9995602
Udon,0.9995602
Udang,0.9995602
Udang,0.9995602
Udon,0.9995602
Udang,0.9995602
Udang,0.9995602
Udang,0.9995602
Udang,0.9995602
Mie rebus,0.9995567
Mie rebus,0.9995567
Nangka,0.9995399
Nangka,0.9995399
Nangka,0.9995399
Bulgogi,0.9995354
Bulgogi,0.9995354
Bulgogi,0.9995354
Bulgogi,0.9995354
Yakult,0.9995337
Yakult,0.9995337
Onde,0.99953324
Onde,0.99953324
Onde,0.99953324
Bakso aci,0.9995164
Jengkol,0.99951595
Jengkol,0.99951595
Penyetan,0.99950975
Penyetan,0.99950975
Penyetan,0.99950975
Penyetan,0.99950975
Penyetan,0.99950975
Singkong krispy,0.99950665
Singkong krispy,0.99950665
Singkong krispy,0.99950665
Rawon,0.9995021
Rawon,0.9995021
Rawon,0.9995021
Rawon,0.9995021
Rawon,0.9995021
Rawon,0.9995021
Rawon,0.9995021
Rawon,0.9995021
Rawon,0.9995021
Rawon,0.9995021
Air dingin,0.999489
Air dingin,0.999489
Air dingin,0.999489
Burung puyuh,0.99948686
Burung puyuh,0.99948686
Burung puyuh,0.99948686
Burung puyuh,0.99948686
Gorengan,0.9994845
Gorengan,0.9994845
Gorengan,0.9994845
Ubi bakar,0.99946344
Ubi bakar,0.99946344
Ubi bakar,0.99946344
Ubi bakar,0.99946344
Ubi bakar,0.99946344
Cheesecake,0.9994546
Takoyaki,0.9994546
Takoyaki,0.9994546
Takoyaki,0.9994546
Cheesecake,0.9994546
Takoyaki,0.9994546
Takoyaki,0.9994546
Takoyaki,0.9994546
Takoyaki,0.9994546
Takoyaki,0.9994546
Takoyaki,0.9994546
Takoyaki,0.9994546
Cheesecake,0.9994546
Redvelvet,0.9994534
Redvelvet,0.9994534
Serabi,0.99945295
Kentang,0.999442
Kakap,0.999442
Kentang,0.999442
Kentang,0.999442
Kakap,0.999442
Bihun,0.9994379
Bihun,0.9994379
Bubur kacang ijo,0.99943745
Bubur kacang ijo,0.99943745
Semur jengkol,0.99942243
Lemper,0.9994122
Lemper,0.9994122
Lemper,0.9994122
Lemper,0.9994122
Lemper,0.9994122
Bajigur,0.99940836
Bajigur,0.99940836
Bajigur,0.99940836
Bajigur,0.99940836
Chattime,0.999374
Chattime,0.999374
Gorengan,0.9993704
Sundaes,0.9993661
Sundaes,0.9993661
Sundaes,0.9993661
Sundaes,0.9993661
Sundaes,0.9993661
Sundaes,0.9993661
Sundaes,0.9993661
Sundaes,0.9993661
Sundaes,0.9993661
Sundaes,0.9993661
Sundaes,0.9993661
Cireng,0.99936587
Cireng,0.99936587
Cireng,0.99936587
Cireng,0.99936587
Cincau,0.99936324
Ramen,0.99935764
Ramen,0.99935764
Ramen,0.99935764
Ramen,0.99935764
Ramen,0.99935764
Ramen,0.99935764
Crepes,0.9993538
Crepes,0.9993538
Crepes,0.9993538
Crepes,0.9993538
Tomyam,0.9993531
Chattime,0.9993488
Chattime,0.9993488
Chattime,0.9993488
Chattime,0.9993488
Chattime,0.9993488
Chattime,0.9993488
Martabak,0.9993461
Martabak,0.9993461
Tahu gejrot,0.9993393
Tahu gejrot,0.9993393
Tahu gejrot,0.9993393
Tahu gejrot,0.9993393
Tahu gejrot,0.9993393
Sop buntut,0.9993026
Deopbap,0.9992914
Deopbap,0.9992914
Deopbap,0.9992914
Deopbap,0.9992914
Deopbap,0.9992914
Tektek,0.99927497
Jamur,0.9992577
Jamur,0.9992577
Seblak,0.9992559
Sekoteng,0.9992422
Sekoteng,0.9992422
Sekoteng,0.9992422
Sekoteng,0.9992422
Sekoteng,0.9992422
Sekoteng,0.9992422
Cumi,0.9992387
Roti boy,0.9992287
Roti boy,0.9992287
Bubur,0.9992165
Bubur,0.9992165
Bubur,0.9992165
Bubur,0.9992165
Bubur,0.9992165
Bubur,0.9991843
Bubur,0.9991843
Nasi goreng,0.9991664
Nasi goreng,0.9991664
Nasi goreng,0.9991664
Nasi goreng,0.9991664
Nasi goreng,0.9991664
Nasi goreng,0.9991664
Nasi goreng,0.9991664
Nasi goreng,0.9991664
Nasi goreng,0.9991664
Nasi goreng,0.9991664
Nasi goreng,0.9991664
Nasi goreng,0.9991664
Nasi goreng,0.9991664
Nasi goreng,0.9991664
Nasi goreng,0.9991664
Nasi goreng,0.9991664
Nasi goreng,0.9991664
Nasi goreng,0.9991664
Nasi goreng,0.9991664
Nasi goreng,0.9991664
Nasi goreng,0.9991664
Nasi goreng,0.9991664
Nasi goreng,0.9991664
Nasi goreng,0.9991664
Nasi goreng,0.9991664
Nasi goreng,0.9991664
Nasi goreng,0.9991664
Nasi goreng,0.9991664
Nasi goreng,0.9991664
Nasi goreng,0.9991664
Nasi goreng,0.9991664
Nasi goreng,0.9991664
Nasi goreng,0.9991664
Nasi goreng,0.9991664
Nasi goreng,0.9991664
Nasi goreng,0.9991664
Nasi goreng,0.9991664
Nasi goreng,0.9991664
Nasi goreng,0.9991664
Nasi goreng,0.9991664
Nasi goreng,0.9991664
Pudding,0.9991281
Pudding,0.9991281
Gulai ati,0.99910617
Mie rebus,0.99910307
Mie rebus,0.99910307
Mie rebus,0.99910307
Wedang,0.99909925
Wedang,0.99909925
Wedang,0.99909925
Bebek goreng,0.9990964
Bebek goreng,0.9990964
Bebek goreng,0.9990964
Bebek goreng,0.9990964
Cruffin,0.9990827
Cruffin,0.9990827
Cruffin,0.9990827
Ramen,0.99904543
Ramen,0.99904543
Ramen,0.99904543
Ramen,0.99904543
Ramen,0.99904543
Bubur,0.99904186
Bubur,0.99904186
Bubur,0.99904186
Bubur,0.99904186
Bubur,0.99904186
Indomie,0.99902993
Indomie,0.99902993
Indomie,0.99902993
Indomie,0.99902993
Indomie,0.99902993
Indomie,0.99902993
Baso,0.99902505
Baso,0.99902505
Baso,0.99902505
Lupis,0.99897957
Lupis,0.99897957
Lupis,0.99897957
Lupis,0.99897957
Kueh keranjang,0.9989679
Kueh keranjang,0.9989679
Timun serut,0.99894506
Iga bakar,0.99890953
Iga bakar,0.99890953
Iga bakar,0.99890953
Ayam taliwang,0.9988903
Ayam taliwang,0.9988903
Ayam taliwang,0.9988903
Ayam taliwang,0.9988903
Ayam taliwang,0.9988903
Ketupat sayur,0.99888074
Bakso,0.99885595
Bakso,0.99885595
Bakso,0.99885595
Bakso,0.99885595
Bakso,0.99885595
Bakso,0.99885595
Bakso,0.99885595
Bakso,0.99885595
Fuyunghai,0.9988448
Fuyunghai,0.9988448
Fuyunghai,0.9988448
Fuyunghai,0.9988448
Fuyunghai,0.9988448
Fuyunghai,0.9988448
Fuyunghai,0.9988448
Fuyunghai,0.9988448
Steak,0.9988428
Steak,0.9988428
Steak,0.9988428
Steak,0.9988428
Steak,0.9988428
Steak,0.9988428
Steak,0.9988428
Steak,0.9988428
Steak,0.9988428
Nila goreng,0.99883324
Nila goreng,0.99883324
Bubur,0.9988168
Bubur,0.9988168
Bubur,0.9988168
Gochujang,0.9988024
Gochujang,0.9988024
Bajigur,0.9987898
Bajigur,0.9987898
Bajigur,0.9987898
Cookies,0.9987843
Cookies,0.9987843
Jamu,0.9987681
Jamu,0.9987681
Jamu,0.9987681
Pizza,0.998746
Pizza,0.998746
Pizza,0.998746
Uduk,0.9987448
Uduk,0.9987448
Ayam bakar,0.9986925
Ayam goreng,0.9986925
Ayam goreng,0.9986925
Ayam goreng,0.9986925
Ayam goreng,0.9986925
Ayam bakar,0.9986925
Steak,0.99869215
Steak,0.99869215
Terong,0.9986845
Terong,0.9986845
Terong,0.9986845
Kol goreng,0.9986507
Geprek,0.99864465
Geprek,0.99864465
Geprek,0.99864465
Geprek,0.99864465
Geprek,0.99864465
Jus buah,0.99864346
Jus buah,0.99864346
Jus buah,0.99864346
Ayam geprek,0.99862653
Ayam geprek,0.99862653
Ayam geprek,0.99862653
Ayam geprek,0.99862653
Ayam geprek,0.99862653
Ayam geprek,0.99862653
Ayam geprek,0.99862653
Ayam geprek,0.99862653
Ayam geprek,0.99862653
Ayam geprek,0.99862653
Ayam geprek,0.99862653
Ayam geprek,0.99862653
Bebek,0.9986183
Roti buaya,0.9986101
Roti buaya,0.9986101
Roti buaya,0.9986101
Churros,0.9985769
Churros,0.9985769
Churros,0.9985769
Churros,0.9985769
Churros,0.9985769
Sereal,0.99857306
Sereal,0.99857306
Sereal,0.99857306
Soto,0.9985608
Soto,0.9985608
Es teh manis,0.9985272
Es teh manis,0.9985272
Es teh manis,0.9985272
Es teh manis,0.9985272
Lasagna,0.9984732
Lasagna,0.9984732
Lasagna,0.9984732
Lasagna,0.9984732
Lasagna,0.9984732
Lasagna,0.9984732
Lasagna,0.9984732
Lasagna,0.9984732
Lasagna,0.9984732
Penyetan,0.9984649
Penyetan,0.9984649
Penyetan,0.9984649
Penyetan,0.9984649
Penyetan,0.9984649
Acar,0.9984527
Lontong,0.9984527
Lontong,0.9984527
Lontong,0.9984527
Lontong,0.9984527
Acar,0.9984527
Lontong,0.9984527
Lontong,0.9984527
Acar,0.9984527
Pepes ikan,0.9984338
Pepes ikan,0.9984338
Roti sisir,0.99841523
Roti sisir,0.99841523
Roti sisir,0.99841523
Roti sisir,0.99841523
Bayam,0.99837005
Bayam,0.99837005
Bayam,0.99837005
Emping,0.99831384
Nasi kucing,0.9983072
Nasi kucing,0.9983072
Nasi kucing,0.9983072
Cookies,0.99830246
Cookies,0.99830246
Cookies,0.99830246
Roti kukus,0.9982822
Roti kukus,0.9982822
Nasi kucing,0.99825615
Nasi kucing,0.99825615
Nasi kucing,0.99825615
Nasi kucing,0.99825615
Veggie burger,0.9982539
Veggie burger,0.9982539
Veggie burger,0.9982539
Roti bakar,0.998239
Roti bakar,0.998239
Roti bakar,0.998239
Wakame,0.9982258
Wakame,0.9982258
Pisang goreng,0.9982245
Pisang goreng,0.9982245
Pisang goreng,0.9982245
Pisang goreng,0.9982245
Pisang goreng,0.9982245
Pisang goreng,0.9982245
Pisang goreng,0.9982245
Pisang goreng,0.9982245
Pisang goreng,0.9982245
Pisang goreng,0.9982245
Pisang goreng,0.9982245
Pisang goreng,0.9982245
Pisang goreng,0.9982245
Pisang goreng,0.9982245
Pisang goreng,0.9982245
Pisang goreng,0.9982245
Pisang goreng,0.9982245
Pisang goreng,0.9982245
Pisang goreng,0.9982245
Sup,0.9982164
Sup,0.9982164
Pay buah,0.9982147
Pay buah,0.9982147
Lapis,0.9981907
Lapis,0.9981907
Nasi,0.99818593
Nasi,0.99818593
Nasi,0.99818593
Serabi,0.99817604
Rougut,0.9981563
Kue tart,0.9981371
Kue tart,0.9981371
Kue tart,0.9981371
Kue tart,0.9981371
Kue tart,0.9981371
Madu,0.9981161
Madu,0.9981161
Madu,0.9981161
Sup,0.99809974
Sup,0.99809974
Sup,0.99809974
Sup,0.99809974
Brown sugar,0.9980855
Brown sugar,0.9980855
Bayam,0.99808145
Bayam,0.99808145
Bayam,0.99808145
Bayam,0.9980813
Sate usus,0.9980166
Sate usus,0.9980166
Sate usus,0.9980166
Sate usus,0.9980166
Burger,0.99793607
Burger,0.99793607
Nasi hangat,0.9979339
Nasi hangat,0.9979339
Seblak,0.9979212
Seblak,0.9979212
Buntut,0.997921
Nasi goreng,0.9978908
Nasi goreng,0.9978908
Nasi goreng,0.9978908
Nasi goreng,0.9978908
Roti susu,0.9978792
Roti susu,0.9978792
McD,0.9978767
McD,0.9978767
McD,0.9978767
McD,0.9978767
Lemper,0.99786365
Lemper,0.99786365
Lemper,0.99786365
Snack,0.9978577
Snack,0.9978577
Snack,0.9978577
Snack,0.9978577
Snack,0.9978577
Snack,0.9978577
Snack,0.9978577
Snack,0.9978577
Snack,0.9978577
Snack,0.9978577
Snack,0.9978577
Snack,0.9978577
Ayam geprek,0.9978515
Ayam geprek,0.9978515
Ayam geprek,0.9978515
Ayam geprek,0.9978515
Ayam geprek,0.9978515
Ayam sambal matah,0.9978472
Ayam sambal matah,0.9978472
Ayam sambal matah,0.9978472
Ayam sambal matah,0.9978472
Bakpau,0.99783176
Bakpau,0.99783176
Karedok,0.99783033
Karedok,0.99783033
Karedok,0.99783033
Bakwan,0.99781984
Bakwan,0.99781984
Bakwan,0.99781984
Ayam saos,0.99778193
Cuanki,0.99776405
Cuanki,0.99776405
Kolak,0.9977603
Kolak,0.9977603
Kolak,0.9977603
Madu,0.9977478
Madu,0.9977478
Soto,0.9976475
Risol,0.9976466
Risol,0.9976466
Risol,0.9976466
Risol,0.9976466
Risol,0.9976466
Indomie,0.9975634
Indomie,0.9975634
Teh,0.99755746
Teh,0.99755746
Teh,0.99755746
Cream sup,0.9975179
Cream sup,0.9975179
Cream sup,0.9975179
Cream sup,0.9975179
Gorengan,0.9975092
Gorengan,0.9975092
Gorengan,0.9975092
Jahe,0.99750113
Jahe,0.99750113
Jahe,0.99750113
Jahe,0.99750113
Jahe,0.99750113
Sup,0.9974935
Sup,0.9974935
Sup,0.9974935
Kue pancong,0.99747413
Kue pancong,0.99747413
Kue pancong,0.99747413
Kue pancong,0.99747413
Kue pancong,0.99747413
Kebab,0.99747115
Kebab,0.99747115
Kebab,0.99747115
Pepes tahu,0.9974254
Pepes tahu,0.9974254
Onde,0.9974041
Onde,0.9974041
Ayam geprek,0.9973741
Ayam geprek,0.9973741
Ayam geprek,0.9973741
Ubi kukus,0.9973649
Ubi kukus,0.9973649
Ubi kukus,0.9973649
Empal gentong,0.9973556
Empal gentong,0.9973556
Empal gentong,0.9973556
Gacoan,0.9973507
Gacoan,0.9973398
Gacoan,0.9973398
Piscok,0.99729246
Piscok,0.99729246
Piscok,0.99729246
Piscok,0.99729246
Piscok,0.99729246
Piscok,0.99729246
Sosis,0.9972805
Sosis,0.9972805
Sosis,0.9972805
Sosis,0.9972805
Jahe,0.99725753
Jahe,0.99725753
Jahe,0.99725753
Jahe,0.99725753
Jahe,0.99725753
Crispy nori,0.99721295
Ubi bakar,0.99715334
Ubi bakar,0.99715334
Ubi bakar,0.99715334
Barbeque,0.9971379
Soto,0.99710435
Soto,0.99710435
Soto,0.99710435
Soto,0.9970705
Soto,0.9970705
Soto,0.9970705
Nabati,0.9970003
Nabati,0.9970003
Nabati,0.9970003
Nabati,0.9970003
Nabati,0.9970003
Kerang,0.9969978
Kerang,0.9969978
Kerang,0.9969978
Tortilla,0.9969662
Tortilla,0.9969662
Teh pucuk,0.9969607
Teh pucuk,0.9969607
Teh pucuk,0.9969607
Basreng,0.9969455
Basreng,0.9969455
Basreng,0.9969455
Roti,0.99688107
Roti,0.99688107
Roti,0.99688107
Tempe,0.99685943
Tempe,0.99685943
Tempe,0.99685943
Tempe,0.99685943
Tempe,0.99685943
Siomay,0.9968555
Siomay,0.9968555
Siomay,0.9968555
Siomay,0.9968555
Siomay,0.9968555
Siomay,0.9968555
Buah potong,0.9968359
Buah potong,0.9968359
Sop buah,0.99678814
Indomie,0.9967421
Indomie,0.9967421
Soto,0.996697
Soto,0.996697
Soto,0.996697
Soto,0.996697
Soto,0.996697
Soto,0.996697
Soto,0.996697
Soto,0.996697
Soto,0.996697
Soto,0.996697
Soto,0.996697
Soto,0.996697
Soto,0.996697
Soto,0.996697
Soto,0.996697
Soto,0.996697
Soto,0.996697
Soto,0.996697
Soto,0.996697
Soto,0.996697
Soto,0.996697
Soto,0.996697
Soto,0.996697
Soto,0.996697
Soto,0.996697
Energen,0.9965905
Energen,0.9965905
Energen,0.9965905
Energen,0.9965905
Mie ayam,0.99650204
Dendeng,0.996412
Tauge,0.9963526
Tauge,0.9963526
Tauge,0.9963526
Tauge,0.9963526
Nasi kuning,0.99597186
Es teler,0.99595785
Es teler,0.99595785
Es teler,0.99595785
Es teler,0.99595785
Es teler,0.99595785
Es teler,0.99595785
Es teler,0.99595785
Es teler,0.99595785
Basreng,0.99591416
Basreng,0.99591416
Basreng,0.99591416
Basreng,0.99591416
Basreng,0.99591416
Basreng,0.99591416
Basreng,0.99591416
Basreng,0.99591416
Basreng,0.99591416
Basreng,0.99591416
Basreng,0.99591416
Basreng,0.99591416
Terasi,0.99585235
Terasi,0.99585235
Mie rebus,0.9958094
Mie rebus,0.9958094
Mie rebus,0.9958094
Mie rebus,0.9958094
Mie rebus,0.9958094
Mie rebus,0.9958094
Mie rebus,0.9958094
Mie rebus,0.9958094
Mie rebus,0.9958094
Mie rebus,0.9958094
Mie rebus,0.9958094
Mie rebus,0.9958094
Mie rebus,0.9958094
Roti susu,0.99540454
Roti susu,0.99540454
Roti susu,0.99540454
Roti susu,0.99540454
Roti susu,0.99540454
Rujak,0.9951519
Rujak,0.9951519
Rujak,0.9951519
Rujak,0.9951519
Rujak,0.9951519
Rujak,0.9951519
Rujak,0.9951519
Rujak,0.9951519
Rujak,0.9951519
Rujak,0.9951519
Susu,0.9950194
Susu,0.9950194
Susu,0.9950194
Jus,0.99466634
Jus,0.99466634
Jus,0.99466634
Jus,0.99466634
Jus,0.99466634
Lontong,0.9944206
Lontong,0.9944206
Ayam goreng,0.99439234
Ayam goreng,0.99439234
Bakso,0.99431777
Bakso,0.99431777
Bakso,0.99431777
Bakso,0.99431777
Susu,0.9943006
Susu,0.9943006
Susu,0.9943006
Tahu Isi,0.994266
Susu,0.9940631
Susu,0.9940631
Susu,0.9940631
Susu,0.9940631
Susu,0.9940631
Susu,0.9940631
Susu,0.9940631
Susu,0.9940631
Kebab,0.9940019
Kebab,0.9940019
Kebab,0.9940019
Kebab,0.9940019
Kebab,0.9940019
Mie rebus,0.9939408
Mie rebus,0.9939408
Mie rebus,0.9939408
Mie rebus,0.9939408
Cireng,0.9937268
Cireng,0.9937268
Cireng,0.9937268
Cireng,0.9937268
Indomie,0.9936947
Indomie,0.9936947
Indomie,0.9936947
Indomie,0.9936947
Ayam,0.99364066
Ayam,0.99364066
Ayam,0.99364066
Sup,0.99359244
Sup,0.99359244
Snack,0.99354154
Snack,0.99354154
Snack,0.99354154
Snack,0.99354154
Snack,0.99354154
Snack,0.99354154
Snack,0.99354154
Bubur kacang ijo,0.9934866
Bubur kacang ijo,0.9934866
Soda,0.993161
Soda,0.993161
Soda,0.993161
Soda,0.993161
Soda,0.993161
Soda,0.993161
Soda,0.993161
Sekoteng,0.9930622
Pisang goreng,0.9930319
Nasi ayam,0.9927372
Nasi ayam,0.9927372
Kwetiaw,0.99273056
Kwetiaw,0.99273056
Kwetiaw,0.99273056
Kwetiaw,0.99273056
Kwetiaw,0.99273056
Kwetiaw,0.99273056
Kwetiaw,0.99273056
Kwetiaw,0.99273056
Soto,0.9926212
Pasta,0.99260116
Pasta,0.99260116
Pasta,0.99260116
Pasta,0.99260116
Rendang,0.9925942
Rendang,0.9925942
Rendang,0.9925942
Rendang,0.9925942
Rendang,0.9925942
Pai buah,0.9924964
Pai buah,0.9924964
Nasi ayam,0.99223834
Nasi ayam,0.99223834
Nasi ayam,0.99223834
Nasi padang,0.99185455
Nasi padang,0.99185455
Nasi padang,0.99185455
Nasi padang,0.99185455
Terasi,0.99171674
Terasi,0.99171674
Mixue,0.99168473
Mixue,0.99168473
Mixue,0.99168473
Cokelat,0.9914141
Cokelat,0.9914141
Cokelat,0.9914141
Cokelat,0.9914141
Cokelat,0.9914141
Cokelat,0.9914141
Cokelat,0.9914141
Cokelat,0.9914141
Telur dadar,0.99130243
Telur dadar,0.99130243
Telur dadar,0.99130243
Telur dadar,0.99130243
Snack,0.99027425
Snack,0.99027425
Snack,0.99027425
Snack,0.99027425
Snack,0.99027425
Soto,0.9902157
Soto,0.9902157
Soto,0.9902157
Soto,0.9902157
Soto,0.9902157
Soto,0.9902157
Soto,0.9902157
Soto,0.9902157
Mie ayam,0.989923
Mie ayam,0.989923
Mie ayam,0.989923
Mie ayam,0.989923
Mie ayam,0.989923
Mie ayam,0.989923
Mie ayam,0.989923
Nasi kuning,0.9897847
Nasi kuning,0.9897847
Nasi kuning,0.9897847
Nasi kuning,0.9897847
Bakso,0.9897565
Bakso,0.9897565
Bakso,0.9897565
Bakso,0.9897565
Cendol,0.9897505
Cendol,0.9897505
Cendol,0.9897505
Kangkung,0.9892815
Kangkung,0.9892815
Kangkung,0.9892815
Kangkung,0.9892815
Klappertaart,0.9891977
Klappertaart,0.9891977
STMJ,0.9888991
STMJ,0.9888991
STMJ,0.9888991
STMJ,0.9888991
Bakso aci,0.9887853
Bakso aci,0.9887853
Bakso aci,0.9887853
Bakso aci,0.9887853
Mie rebus,0.98855436
Mie rebus,0.98855436
Mie rebus,0.98855436
Mie rebus,0.98855436
Mie rebus,0.98855436
Mie rebus,0.98855436
Mie rebus,0.98855436
Sayur,0.9881401
Sayur,0.9881401
Buah,0.9874366
Buah,0.9874366
Buah,0.9874366
Buah,0.9874366
Keroket,0.98721826
Keroket,0.98721826
Sup,0.9869625
Sup,0.9869625
Sup,0.9869625
Salad,0.98690677
Salad,0.98690677
Salad,0.98690677
Salad,0.98690677
Dimsum,0.9868367
Dimsum,0.9868367
Dimsum,0.9868367
Dimsum,0.9868367
Dimsum,0.9868367
Dimsum,0.9868367
Cream soup,0.986795
Cream soup,0.986795
Cream soup,0.986795
Cream soup,0.986795
Cream soup,0.986795
Cream soup,0.986795
Cream soup,0.986795
Kuaci,0.9865678
Kuaci,0.9865678
Kuaci,0.9865678
Kuaci,0.9865678
Kuaci,0.9865678
Roti,0.9856048
Roti,0.9856048
Roti,0.9856048
Roti,0.9856048
Roti,0.9856047
Liwet,0.98542625
Sup,0.98542225
Sup,0.98542225
Cokelat,0.9843769
Cokelat,0.9843769
Cokelat,0.9843769
Cokelat,0.9843769
Cokelat,0.9843769
Cokelat,0.9843769
Capcay,0.98422986
Capcay,0.98422986
Capcay,0.98422986
Bakmi,0.9839827
Setop,0.98382676
Setop,0.98382676
Setop,0.98382676
Setop,0.98382676
Setop,0.98382676
Lontong,0.9835703
Lontong,0.9835703
Lontong,0.9835703
Lontong,0.9835703
Lontong,0.9835703
Soto,0.983482
Soto,0.983482
Mie aceh,0.9829159
Mie aceh,0.9829159
Mie aceh,0.9829159
Mie aceh,0.9829159
Air putih,0.98267853
Air putih,0.98267853
Air putih,0.98267853
Jeruk,0.9795998
Jeruk,0.9795998
Jeruk,0.9795998
Jeruk,0.9795998
Kopi,0.9784926
Kopi,0.9784926
Roti,0.9772991
Pempek,0.97667986
Pempek,0.97667986
Bakso,0.97524756
Bakso,0.97524756
Bakso,0.97524756
Bakso,0.97524756
Sup,0.973261
Sup,0.973261
Sup ayam,0.9719897
Sup ayam,0.9719897
Sup ayam,0.9719897
Sup ayam,0.9719897
Sup ayam,0.9719897
Perkedel,0.9715147
Perkedel,0.9715147
Perkedel,0.9715147
Perkedel,0.9715147
Perkedel,0.9715147
Mie ayam,0.97121644
Mie ayam,0.97121644
Mie ayam,0.97121644
Mie ayam,0.97121644
Mie ayam,0.97121644
Mie ayam,0.97001165
Mie ayam,0.97001165
Mie ayam,0.97001165
Mie ayam,0.97001165
Mie ayam,0.97001165
Air dingin,0.96795326
Air dingin,0.96795326
Bakso,0.96748286
Bakso,0.96748286
Bakso,0.96748286
Bakso,0.96748286
Kopi,0.96503997
Es pisang ijo,0.9630624
Es pisang ijo,0.9630624
Es pisang ijo,0.9630624
Es pisang ijo,0.9630624
Keripik,0.9573856
Bakmi,0.95360285
Bakmi,0.95360285
Bakmi,0.95360285
Bakmi,0.95360285
Bakmi,0.95360285
Sosis,0.94516486
Sosis,0.94516486
Sosis,0.94516486
Sosis,0.94516486
Sosis,0.94516486
Sosis,0.94516486
Sosis,0.94516486
Tekwan,0.941474
Tekwan,0.941474
Tekwan,0.941474
Tekwan,0.941474
Cream soup,0.93994695
Cream soup,0.93994695
Bakso,0.9355908
Bakso,0.9355908
Bakso,0.9355908
Mie rebus,0.9320005
Mie rebus,0.9320005
Mie rebus,0.9320005
Mie rebus,0.9320005
Mie rebus,0.9320005
Mie rebus,0.9320005
Mie rebus,0.9320005
Mie rebus,0.9320005
Mie rebus,0.9320005
Mie rebus,0.9320005
Mie rebus,0.9320005
Mie rebus,0.9320005
Mie rebus,0.9320005
Mie rebus,0.9320005
Mie rebus,0.9320005
Mie rebus,0.9320005
Mie rebus,0.9320005
Mie rebus,0.9320005
Mie rebus,0.9320005
Mie rebus,0.9320005
Mie rebus,0.9320005
Mie rebus,0.9320005
Kopi,0.93046266
Kopi,0.93046266
Kopi,0.93046266
Keripik,0.9237403
Keripik,0.9237403
Keripik,0.9237403
Keripik,0.9237403
Mie ayam,0.9178165
Mie ayam,0.9178164
Sup,0.9071569
Sup,0.9071569
Snack,0.9054636
Snack,0.9054636
Snack,0.9054636
Kopi,0.8579866
Kopi,0.8579866
Kopi,0.8579866
Kopi,0.8579866
Kopi,0.8579866
Kopi,0.8579866
Kopi,0.8579866
Kopi,0.8579866
Kopi,0.8579866
Kopi,0.8579866
Kopi,0.8579866
Kopi,0.8579866
Kopi,0.8579866
Kopi,0.8579866
Kopi,0.8579866
Kopi,0.8579866
Kopi,0.8579866
Kopi,0.8579866
Kopi,0.8579866
Kopi,0.8579866
Kopi,0.8579866
Kopi,0.8579866
Kopi,0.8579866
Kopi,0.8579866
Kopi,0.8579866
Kopi,0.8579866
Kopi,0.8579866
Kopi,0.8579866
Kopi,0.8579866
Kopi,0.8579866
Kopi,0.8579866
Kopi,0.8579866
Kopi,0.8579866
Kopi,0.8579866
Kopi,0.8579866
Kopi,0.8579866
Kopi,0.8579866
Kopi,0.8579866
Kopi,0.8579866
Kopi,0.8579866
Kopi,0.8579866
Kopi,0.8579866
Kopi,0.8579866
Kopi,0.8579866
Kopi,0.8579866
Kopi,0.8579866
Kopi,0.8579866
Kopi,0.8579866
Kopi,0.8579866
Kopi,0.8579866
Kopi,0.8579866
Kopi,0.8579866
Kopi,0.8579866
Kopi,0.8579866
Kopi,0.8579866
Kopi,0.8579866
Nasi goreng,0.85756254
Nasi goreng,0.85756254
Nasi goreng,0.85756254
Nasi goreng,0.85756254
Nasi goreng,0.85756254
Nasi goreng,0.85756254
Nasi goreng,0.85756254
Wedang ronde,0.82701236
Wedang ronde,0.82701236
Wedang ronde,0.82701236
Wedang ronde,0.82701236
Bubur sumsum,0.82321006
Bubur sumsum,0.82321006
Bubur sumsum,0.82321006
Bubur sumsum,0.82321006
Bubur sumsum,0.82321006
Bubur sumsum,0.82321006
Bubur sumsum,0.82321006
Starbucks,0.8050387
Starbucks,0.8050387
Nasi warteg,0.7998737
Nasi warteg,0.7998737
Nasi warteg,0.7998737
Nasi warteg,0.7998737
Nasi warteg,0.7998737
Nasi warteg,0.7998737
Es kelapa,0.797811
Es kelapa,0.797811
Es kelapa,0.797811
Ikan,0.7973689
Ikan,0.7973689
Ikan,0.7973689
Ikan,0.7973689
Ikan,0.7973689
Es krim,0.78224903
Es krim,0.78224903
Es krim,0.78224903
Es krim,0.78224903
Cokelat,0.7817883
Cokelat,0.7817883
Cokelat,0.7817883
Cokelat,0.7817883
Cokelat,0.7817883
Cokelat,0.7817883
Cokelat,0.7817883
Cokelat,0.7817883
Cokelat,0.7817883
Cokelat,0.7817883
Cokelat,0.7817883
Cokelat,0.7817883
Cokelat,0.7817883
Cokelat,0.7817883
Cokelat,0.7817883
Cokelat,0.7817883
Cokelat,0.7817883
Cokelat,0.7817883
Cokelat,0.7817883
Cokelat,0.7817883
Cokelat,0.7817883
Cokelat,0.7817883
Cokelat,0.7817883
Cokelat,0.7817883
Cokelat,0.78160423
Cokelat,0.78160423
Cokelat,0.78160423
Cokelat,0.78160423
Cokelat,0.78160423
Cokelat,0.78160423
Cokelat,0.78160423
Cokelat,0.78160423
Cokelat,0.78160405
Air mineral,0.7795696
Air mineral,0.7795696
Air mineral,0.7795696
Air mineral,0.7795696
Air mineral,0.7795696
Sate usus,0.7782793
Sate usus,0.7782793
Sate usus,0.7782793
Sate usus,0.7782793
Sate usus,0.7782793
Sate usus,0.7782793
Sate usus,0.7782793
Sate usus,0.7782793
Teh,0.77493805
Teh,0.77493805
Teh,0.77493805
Teh,0.77493805
Teh,0.77493805
Tenggiri,0.7677798
Tenggiri,0.7677798
Tenggiri,0.7677797
Es teh,0.7618657
Es teh,0.7618657
Es teh,0.7618657
Es teh,0.7618657
Es teh,0.7618657
Es teh,0.7618657
Es teh,0.7618655
Es teh,0.7618655
Sprite,0.749097
Sprite,0.749097
Otak otak,0.73526734
Otak otak,0.73526734
Otak otak,0.73526734
Otak otak,0.73526734
Rendang,0.73261666
Rendang,0.73261666
Rendang,0.73261666
Rendang,0.73261666
Rendang,0.73261666
Rendang,0.73261666
Rendang,0.73261666
Ketan,0.7289468
Ketan,0.7289468
Ketan,0.7289468
Ketan,0.7289468
Omlette,0.7147818
Omlette,0.7147818
Omlette,0.7147818
Omlette,0.7147818
Omlette,0.7147818
Buah,0.7147427
Buah,0.7147427
Buah,0.7147427
Buah,0.7147427
Buah,0.71474266
Buah,0.71474266
Buah,0.71474266
Buah,0.71474266
Buah,0.71474266
Buah,0.71474266
Buah,0.71474266
Buah,0.71474266
Buah,0.71474266
Buah,0.71474266
Buah,0.71474266
Buah,0.71474266
Buah,0.71474266
Buah,0.71474266
Buah,0.71474266
Buah,0.71474266
Buah,0.71474266
Buah,0.71474266
Buah,0.71474266
Buah,0.71474266
Buah,0.71474266
Buah,0.71474266
Buah,0.71474266
Buah,0.71474266
Buah,0.71474266
Buah,0.71474266
Buah,0.71474266
Buah,0.71474266
Buah,0.71474266
Buah,0.71474266
Buah,0.71474266
Kopi,0.704162
Kopi,0.704162
Kopi,0.704162
Kopi,0.704162
Kopi,0.704162
Kopi,0.704162
Kopi,0.704162
Kopi,0.704162
Kopi,0.704162
Kopi,0.704162
Kopi,0.704162
Sambal,0.7021995
Sambal,0.7021995
Sambal,0.7021995
Sambal,0.7021995
Sambal,0.7021995
Sambal,0.7021995
Sambal,0.7021995
Soto,0.6961546
Soto,0.6961546
Soto,0.6961546
Soto,0.6961546
Soto,0.6961546
Soto,0.6961546
Soto,0.6961546
Soto,0.6961546
Soto,0.6961546
Soto,0.6961546
Soto,0.6961546
Soto,0.6961546
Tumis sayur,0.69358283
Tumis sayur,0.69358283
Tumis sayur,0.69358283
Tumis sayur,0.69358283
Tumis sayur,0.69358283
Bakso,0.6921021
Bakso,0.6921021
Telur dadar,0.68419564
Telur dadar,0.68419564
Telur dadar,0.68419564
Telur dadar,0.68419564
Telur dadar,0.68419564
Telur dadar,0.68419564
Telur dadar,0.68419564
Telur dadar,0.68419564
Telur dadar,0.68419564
Seledri,0.67743164
Seledri,0.67743164
Seledri,0.67743164
Seledri,0.67743164
Seledri,0.67743164
Seledri,0.67743164
Seledri,0.6774315
Mie yamin,0.6770651
Mie yamin,0.6770651
Mie yamin,0.6770651
Mie yamin,0.67706484
Soto,0.6765938
Soto,0.6765938
Soto,0.6765938
Rujak,0.6663408
Rujak,0.6663408
Rujak,0.6663408
Tahu,0.65522194
Tahu,0.6552218
Tahu,0.6552218
Tahu,0.6552218
Tahu,0.6552218
Tahu,0.6552218
Tahu,0.6552218
Tahu,0.6552218
Tahu,0.6552218
Tahu,0.6552218
Tahu,0.6552218
Tahu,0.6552218
Tahu,0.6552218
Mie aceh,0.6506668
Mie aceh,0.6506668
Mie aceh,0.6506668
Mie aceh,0.6506668
Mie aceh,0.6506668
Mie aceh,0.6506668
Mie aceh,0.6506668
Mie aceh,0.6506667
Bakso,0.6435453
Bakso,0.64354527
Bakso,0.64354527
Bakso,0.64354527
Bakso,0.64354527
Bakso,0.64354527
Bakso,0.64354527
Bakso,0.64354527
Bakso,0.64354527
Bakso,0.64354527
Bakso,0.64354527
Bakso,0.64354527
Bakso,0.64354527
Bakso,0.64354527
Bakso,0.64354527
Bakso,0.64354527
Bakso,0.64354527
Bakso,0.64354527
Bakso,0.64354527
Bakso,0.64354527
Bakso,0.64354527
Bakso,0.64354527
Bakso,0.64354527
Bakso,0.64354527
Bakso,0.64354527
Nasi uduk,0.637434
Nasi uduk,0.637434
Nasi uduk,0.637434
Nasi uduk,0.637434
Nasi uduk,0.637434
Nasi uduk,0.637434
Nasi uduk,0.637434
Nasi goreng,0.6354837
Nasi goreng,0.6354837
Nasi goreng,0.6354837
Nasi goreng,0.6354837
Nasi goreng,0.6354837
Nasi goreng,0.6354837
Nasi goreng,0.6354837
Nasi goreng,0.6354837
Nasi goreng,0.6354837
Sate,0.6285142
Sate,0.6285141
Sate,0.6285141
Sate,0.6285141
Sate,0.6285141
Sate,0.6285141
Sate,0.6285141
Sate,0.6285141
Sate,0.6285141
Fish fillet,0.626309
Fish fillet,0.626309
Fish fillet,0.626309
Buah,0.62521
Buah,0.62521
Buah,0.62521
Buah,0.62521
Buah,0.62521
Buah,0.62521
Buah,0.62521
Buah,0.62521
Buah,0.62521
Buah,0.62521
Buah,0.62521
Lontong,0.6227851
Lontong,0.6227851
Lontong,0.6227851
Lontong,0.6227851
Lontong,0.6227851
Lontong,0.6227851
Lontong,0.6227851
Telur dadar,0.62187916
Telur dadar,0.62187916
Telur dadar,0.6218791
Telur dadar,0.6218791
Telur dadar,0.6218791
Telur dadar,0.6218791
Telur dadar,0.6218791
Telur dadar,0.6218791
Telur dadar,0.6218791
Telur dadar,0.6218791
Telur dadar,0.6218791
Telur dadar,0.6218791
Telur dadar,0.6218791
Telur dadar,0.6218791
Telur dadar,0.6218791
Telur dadar,0.6218791
Telur dadar,0.6218791
Telur dadar,0.6218791
Telur dadar,0.6218791
Telur dadar,0.6218791
Telur dadar,0.6218791
Telur dadar,0.6218791
Telur dadar,0.6218791
Telur dadar,0.6218791
Telur dadar,0.6218791
Telur dadar,0.6218791
Telur dadar,0.6218791
Sup,0.62140834
Sup,0.62140834
Sup,0.62140834
Sup,0.62140834
Sup,0.62140834
Sup,0.62140834
Sup,0.62140834
Wedang ronde,0.6163681
Wedang ronde,0.6163681
Wedang ronde,0.6163681
Wedang ronde,0.6163681
Wedang ronde,0.6163681
Wedang ronde,0.6163681
Wedang ronde,0.6163681
Wedang ronde,0.6163681
Wedang ronde,0.6163681
Wedang ronde,0.6163681
Wedang ronde,0.6163681
Kentang,0.6140018
Kentang,0.6140018
Kentang,0.6140018
Kentang,0.6140018
Kentang,0.6140018
Gado gado,0.6124508
Gado gado,0.6124508
Gado gado,0.6124508
Gado gado,0.6124508
Gado gado,0.6124508
Gado gado,0.6124508
Gado gado,0.6124508
Gado gado,0.6124508
Gado gado,0.6124508
Gado gado,0.6124508
Gado gado,0.6124508
Gado gado,0.6124508
Gado gado,0.6124508
Gado gado,0.6124508
Salad buah,0.6120059
Salad buah,0.6120059
Salad buah,0.6120059
Salad buah,0.6120059
Salad buah,0.6120059
Lays,0.61033714
Lays,0.61033714
Lays,0.61033714
Lays,0.61033714
Lays,0.61033714
Lays,0.61033714
Lays,0.61033714
Lays,0.61033714
Lays,0.61033714
Lays,0.61033714
Lays,0.61033714
Lays,0.61033714
Lays,0.61033714
Keripik,0.60989946
Keripik,0.60989946
Keripik,0.60989946
Keripik,0.60989946
Keripik,0.60989946
Keripik,0.60989946
Keripik,0.60989946
Keripik,0.60989946
Sup,0.60628074
Sup,0.60628074
Sup,0.60628074
Sup,0.60628074
Sup,0.60628074
Sup,0.60628074
Sup,0.60628074
Sup,0.60628074
Extrajoss,0.60150814
Extrajoss,0.60150814
Bandeng,0.5978271
Bandeng,0.5978271
Bandeng,0.5978271
Bandeng,0.5978271
Babi panggang,0.59669733
Babi panggang,0.59669733
Babi panggang,0.59669733
Babi panggang,0.59669733
Babi panggang,0.59669733
Babi panggang,0.59669733
Jeruk,0.5945447
Jeruk,0.5945447
Jeruk,0.5945446
Bebek goreng,0.585423
Bebek goreng,0.5854225
Bebek goreng,0.5854225
Bebek goreng,0.5854225
Bebek goreng,0.5854225
Bebek goreng,0.5854225
Drum stick,0.5847274
Drum stick,0.5847274
Drum stick,0.5847274
Drum stick,0.5847274
Drum stick,0.5847274
McNugget,0.5829866
McNugget,0.5829866
McNugget,0.5829866
Bakso,0.57928455
Bakso,0.57928437
Bakso,0.57928437
Bakso,0.57928437
Bakso,0.57928437
Bakso,0.57928437
Bakso,0.57928437
Bakso,0.57928437
Bakso,0.57928437
Bakso,0.57928437
Bakso,0.57928437
Bakso,0.57928437
Bakso,0.57928437
Bakso,0.57928437
Bakso,0.57928437
Bakso,0.57928437
Bakso,0.57928437
Bakso,0.57928437
Bakso,0.57928437
Bakso,0.57928437
Bakso,0.57928437
Bakso,0.57928437
Bakso,0.57928437
Bakso,0.57928437
Sus,0.5776882
Es krim,0.5737018
Es krim,0.5737018
Es krim,0.5737018
Es krim,0.5737018
Es krim,0.5737018
Es krim,0.5737018
Es krim,0.5737018
Es krim,0.5737018
Es krim,0.5737018
Es krim,0.5737018
Es krim,0.5737018
Es krim,0.5737018
Es krim,0.5737018
Es krim,0.5737018
Es krim,0.5737018
Es krim,0.5737018
Es krim,0.5737018
Es krim,0.5737018
Es krim,0.5737018
Es krim,0.5737018
Es krim,0.5737018
Es krim,0.5737018
Es krim,0.5737018
Petai,0.57210326
Petai,0.57210326
Petai,0.57210326
Mie rebus,0.56957734
Mie rebus,0.56957734
Mie rebus,0.56957734
Mie rebus,0.56957734
Tempe geprek,0.5637427
Tempe geprek,0.5637427
Tempe geprek,0.5637427
Bolu,0.5595584
Bolu,0.5595584
Bolu,0.5595584
Bolu,0.5595584
Bolu,0.5595584
Bolu,0.5595584
Bolu,0.5595584
Shrimp ball,0.5481627
Shrimp ball,0.5481626
Shrimp ball,0.5481626
Shrimp ball,0.5481626
Shrimp ball,0.5481626
Shrimp ball,0.5481626
Shrimp ball,0.5481626
Shrimp ball,0.5481626
Bubur kacang,0.5383102
Bubur kacang,0.5383102
Bubur kacang,0.5383102
Hotdough,0.5379438
Hotdough,0.53794366
Hotdough,0.53794366
Hotdough,0.53794366
Hotdough,0.53794366
Burito,0.5334016
Mie aceh,0.52528036
Mie aceh,0.52528036
Mie aceh,0.52528036
Mie aceh,0.52528036
Mie aceh,0.52528036
Mie aceh,0.52528036
Mie aceh,0.52528036
Mie aceh,0.52528036
Mie aceh,0.52528036
Mie aceh,0.5252802
Cuanki,0.52430713
Cuanki,0.52430713
Cuanki,0.52430713
Cuanki,0.52430713
Cuanki,0.52430713
Cuanki,0.52430713
Cuanki,0.52430713
Cuanki,0.52430713
Spagheti,0.5228932
Spagheti,0.5228932
Spagheti,0.5228932
Soto,0.5193634
Soto,0.5193634
Soto,0.5193634
Soto,0.5193634
Soto,0.5193634
Soto,0.5193634
Soto,0.5193634
Soto,0.5193634
Soto,0.5193634
Soto,0.5193634
Soto,0.5193634
Cokelat,0.5173043
Cokelat,0.5173043
Cokelat,0.5173043
Cokelat,0.5173043
Cokelat,0.5173043
Cokelat,0.5173043
Sempol,0.5172574
Sempol,0.5172574
Sempol,0.5172574
Sempol,0.5172574
Sempol,0.5172574
Sempol,0.5172574
Sempol,0.5172574
Sempol,0.5172574
Sempol,0.5172574
Sempol,0.5172574
Sempol,0.5172574
Sempol,0.51725733
Sup,0.51197344
Sup,0.51197344
Sup,0.51197344
Sup,0.51197344
Sup,0.51197344
Sup,0.51197344
Sup,0.51197344
Sup,0.51197344
Sup,0.51197344
Sup,0.51197344
Sup,0.51197344
Sup,0.51197344
Sup,0.51197344
Sup,0.51197344
Sup,0.51197344
Sup,0.51197344
Sup,0.51197344
Bakwan jagung,0.50750035
Bakwan jagung,0.50750035
Bakwan jagung,0.50750035
Beef,0.50633216
Beef,0.50633216
Beef,0.50633204
Beef,0.50633204
Beef,0.50633204
Beef,0.50633204
Beef,0.50633204
Beef,0.50633204
Es teh,0.4982725
Es teh,0.4982725
Es teh,0.4982725
Es teh,0.4982725
Es teh,0.4982725
Es teh,0.4982725
Nasi telur,0.49764293
Nasi telur,0.49764282
Nasi telur,0.49764282
Nasi telur,0.49764282
Nasi telur,0.49764282
Nasi telur,0.49764282
Nasi telur,0.49764282
Nasi telur,0.49764282
Nasi telur,0.49764282
Lemonade,0.4966193
Lemonade,0.4966193
Lemonade,0.4966193
Lapis sagu,0.49187344
Lapis sagu,0.49187344
Mie ayam,0.47824427
Mie ayam,0.47824427
Mie ayam,0.47824427
Mie ayam,0.47824427
Mie ayam,0.47824427
Mie ayam,0.47824427
Mie ayam,0.47824427
Mie ayam,0.47824427
Mie ayam,0.47824427
Mie ayam,0.47824427
Mie ayam,0.47824427
Mie ayam,0.47824427
Mie ayam,0.47824427
Mie ayam,0.47824427
Mie ayam,0.47824427
Mie ayam,0.47824427
Mie ayam,0.47824427
Mie ayam,0.47824427
Es krim,0.4464412
Es krim,0.4464412
Es krim,0.4464412
Es krim,0.4464412
Es krim,0.4464412
Es krim,0.4464412
Es krim,0.44644108
Es krim,0.44644108
Es krim,0.44644108
Es krim,0.44644108
Es krim,0.44644108
Es krim,0.44644108
Es krim,0.44644108
Es krim,0.44644108
Es krim,0.44644108
Es krim,0.44644108
Es krim,0.44644108
Es krim,0.44644108
Es krim,0.44644108
Es krim,0.44644108
Es krim,0.44644108
Es krim,0.44644108
Es krim,0.44644108
Es krim,0.44644108
Es krim,0.44644108
Es krim,0.44644108
Es krim,0.44644108
Es krim,0.44644108
Es krim,0.44644108
Es krim,0.44644108
Choco pie,0.44103572
Choco pie,0.44103572
Choco pie,0.44103572
Choco pie,0.44103572
Choco pie,0.44103572
Choco pie,0.44103572
Choco pie,0.44103572
Energen,0.43827587
Energen,0.43827587
Energen,0.43827587
Energen,0.43827587
Energen,0.43827587
Energen,0.43827587
Energen,0.43827587
Energen,0.43827587
Energen,0.43827587
Energen,0.43827587
Energen,0.43827587
Energen,0.43827587
Energen,0.43827587
Energen,0.43827587
Energen,0.43827587
Energen,0.43827587
Energen,0.43827587
Energen,0.43827587
Energen,0.43827587
Energen,0.43827587
Energen,0.43827587
Energen,0.43827587
Energen,0.43827587
Energen,0.43827587
Energen,0.43827587
Energen,0.43827587
Energen,0.43827587
Bubur kacang ijo,0.40833542
Bubur kacang ijo,0.40833542
Bubur kacang ijo,0.40833542
Bubur kacang ijo,0.40833542
Bubur kacang ijo,0.40833542
Bubur kacang ijo,0.40833542
Bubur kacang ijo,0.40833542
Bubur kacang ijo,0.40833542
Bubur kacang ijo,0.40833542
Bubur kacang ijo,0.40833542
Bubur kacang ijo,0.40833542
Bubur kacang ijo,0.40833542
Ikan,0.39945596
Ikan,0.39945596
Ikan,0.39945596
Ikan,0.39945596
Ikan,0.39945596
Ikan,0.39945596
Ikan,0.39945596
Ikan,0.39945596
Ikan,0.39945596
Ikan,0.39945596
Ikan,0.39945596
Nasi kuning,0.37966502
Nasi kuning,0.37966502
Nasi kuning,0.37966502
Nasi kuning,0.37966502
Nasi kuning,0.37966502
Nasi kuning,0.37966502
Nasi kuning,0.37966502
Nasi kuning,0.37966502
Nasi kuning,0.37966502
Nasi kuning,0.37966502
Nasi kuning,0.37966502
Nasi kuning,0.37966502
Nasi kuning,0.37966502
Nasi kuning,0.37966502
Nasi kuning,0.37966502
Nasi kuning,0.37966502
Nasi kuning,0.37966502
Nasi kuning,0.37966502
Nasi kuning,0.37966502
Nasi kuning,0.37966502
Nasi kuning,0.37966475
Nasi kuning,0.37966475
Sayur,0.3743906
Sayur,0.3743906
Sayur,0.3743906
Sayur,0.3743906
Sayur,0.3743906
Sayur,0.3743906
Sayur,0.3743906
Sayur,0.3743906
Sayur,0.3743906
Sayur,0.37439054
Es krim,0.36727953
Es krim,0.36727953
Es krim,0.36727953
Es krim,0.36727953
Es krim,0.36727953
Es krim,0.36727953
Es krim,0.36727935
Es krim,0.36727935
Sate ayam,0.36351705
Sate ayam,0.36351705
Sate ayam,0.36351705
Sate ayam,0.36351705
Sate ayam,0.36351705
Sate ayam,0.36351705
Sate ayam,0.36351705
Sate ayam,0.36351705
Sate ayam,0.36351705
Sate ayam,0.36351705
Sate ayam,0.36351705
Sate ayam,0.36351705
Sate ayam,0.36351705
Sate ayam,0.36351705
Sate ayam,0.36351705
Sate ayam,0.36351705
Sate ayam,0.36351705
Sate ayam,0.36351705
Sate ayam,0.36351705
Sate ayam,0.36351705
Sate ayam,0.36351705
Sate ayam,0.36351705
Sate ayam,0.36351705
Sate ayam,0.36351705
Sate ayam,0.36351705
Sate ayam,0.36351705
Sate ayam,0.36351705
Sate ayam,0.36351705
Sate ayam,0.36351705
Sate ayam,0.36351705
Sate ayam,0.36351705
Sate ayam,0.36351687
Nasi telur,0.35910243
Nasi telur,0.35910243
Nasi telur,0.35910243
Nasi telur,0.35910243
Nasi telur,0.35910243
Nasi telur,0.35910243
Nasi telur,0.35910243
Nasi telur,0.35910243
Nasi telur,0.35910243
Nasi telur,0.35910243
Nasi telur,0.35910243
Chicken katsu,0.3580453
Chicken katsu,0.3580453
Chicken katsu,0.3580453
Chicken katsu,0.3580453
Chicken katsu,0.3580453
Chicken katsu,0.3580453
Chicken katsu,0.3580453
Siomay,0.35792318
Siomay,0.35792318
Siomay,0.35792318
Siomay,0.35792318
Siomay,0.35792318
Siomay,0.35792318
Siomay,0.35792318
Siomay,0.35792318
Siomay,0.35792318
Siomay,0.35792318
Siomay,0.35792318
Siomay,0.35792318
Siomay,0.35792318
Siomay,0.35792318
Siomay,0.3579231
Siomay,0.3579231
Es timun,0.3555409
Es timun,0.3555409
Es timun,0.3555409
Es timun,0.3555409
Es timun,0.3555409
Es timun,0.3555409
Pecel lele,0.34755906
Pecel lele,0.34755906
Pecel lele,0.34755906
Pecel lele,0.34755906
Pecel lele,0.34755906
Pecel lele,0.34755906
Pecel lele,0.34755906
Pecel lele,0.34755906
Pecel lele,0.34755906
Pecel lele,0.34755906
Pecel lele,0.34755906
Pecel lele,0.34755906
Pecel lele,0.34755906
Pecel lele,0.34755906
Pecel lele,0.34755906
Pecel lele,0.34755906
Pecel lele,0.34755906
Pecel lele,0.34755906
Pecel lele,0.34755906
Pecel lele,0.34755906
Pecel lele,0.34755906
Pecel lele,0.34755906
Pecel lele,0.34755903
Pecel lele,0.34755903
Gadogado,0.3473917
Gadogado,0.3473917
Gadogado,0.3473917
Gadogado,0.3473917
Gadogado,0.3473917
Gadogado,0.3473917
Gadogado,0.3473917
Gadogado,0.3473917
Gadogado,0.3473917
Gadogado,0.3473917
Gadogado,0.3473917
Gadogado,0.3473917
Gadogado,0.3473917
Klepon,0.32850257
Klepon,0.32850257
Klepon,0.32850257
Teh,0.32678804
Teh,0.32678804
Teh,0.32678804
Teh,0.32678804
Teh,0.32678804
Teh,0.32678804
Teh,0.32678804
Teh,0.32678804
Teh,0.32678804
Teh,0.32678804
Teh,0.32678804
Teh,0.32678804
Teh,0.32678804
Teh,0.32678804
Teh,0.32678804
Teh,0.32678804
Teh,0.32678804
Teh,0.32678804
Teh,0.32678804
Teh,0.32678804
Teh,0.32678804
Teh,0.32678804
Teh,0.32678804
Es buah,0.29091656
Es buah,0.29091656
Es buah,0.29091656
Es buah,0.29091656
Es buah,0.29091656
Es buah,0.29091656
Es buah,0.29091656
Es buah,0.29091656
Es buah,0.29091656
Es buah,0.29091656
Es buah,0.29091656
Es buah,0.29091656
Ayam goreng,0.27251965
Ayam goreng,0.2725195
Ayam goreng,0.2725195
Ayam goreng,0.2725195
Ayam goreng,0.2725195
Ayam goreng,0.2725195
Ayam goreng,0.2725195
Es teh manis,0.25432473
Es teh manis,0.2543247
Es teh manis,0.2543247
Es teh manis,0.2543247
Es teh manis,0.2543247
Es teh manis,0.2543247
Es teh manis,0.2543247
Es teh manis,0.2543247
Es teh manis,0.2543247
Es teh manis,0.2543247
Es teh manis,0.2543247
Buah,0.21509138
Buah,0.21509138
Buah,0.21509138
Buah,0.21509138
Buah,0.21509138
Buah,0.21509138
Buah,0.21509138
Buah,0.21509138
Buah,0.21509138
Buah,0.21509138
Buah,0.21509138
Buah,0.21509138
Buah,0.21509133
Pizza,0.19835825
Pizza,0.19835825
Pizza,0.19835825
Pizza,0.19835825
Pizza,0.19835825
Pizza,0.19835825
Pizza,0.19835825
Pizza,0.19835825
Pizza,0.19835825
Pizza,0.19835825
Pizza,0.19835825
Pizza,0.19835825
Pizza,0.19835825
Pizza,0.19835825
Pizza,0.19835825
Pizza,0.19835825
Pizza,0.19835825
Pizza,0.19835825
Pizza,0.19835825
Pizza,0.19835825
Pizza,0.19835825
Pizza,0.19835825
Pizza,0.19835825
Pizza,0.19835825
Pizza,0.19835825
Pizza,0.19835825
Pizza,0.19835825
Pizza,0.19835825
Pizza,0.19835825
Pizza,0.19835825
Pizza,0.19835825
Pizza,0.19835825
Pizza,0.19835825
Pizza,0.19835825
Pizza,0.19835825
Pizza,0.19835825
Pizza,0.19835825
Pizza,0.19835825
Pizza,0.19835825
Pizza,0.19835825
Pizza,0.19835825
Pizza,0.19835825
Pizza,0.19835825
Pizza,0.19835825
Pizza,0.19835825
Pizza,0.19835825
Pizza,0.19835825
Pizza,0.19835825
Pizza,0.19835825
Pizza,0.19835825
Pizza,0.19835825
Pizza,0.19835825
Pizza,0.19835825
Pizza,0.19835825
Pizza,0.19835825
Pizza,0.19835825
Pizza,0.19835825
Pizza,0.19835825
Pizza,0.19835825
Pizza,0.19835825
Pizza,0.19835825
Pizza,0.19835825
Pizza,0.19835825
Pizza,0.19835825
Pizza,0.19835825
Pizza,0.19835825
Pizza,0.19835825
Pizza,0.19835825
Pizza,0.19835825
Pizza,0.19835825
Pizza,0.19835825
Pizza,0.19835825
Pizza,0.19835825
Pizza,0.19835825
Pizza,0.19835825
Pizza,0.19835825
Pizza,0.19835825
Pizza,0.19835825
Pizza,0.19835825
Pizza,0.19835825
Pizza,0.19835825
Pizza,0.19835825
Pizza,0.19835824
Pizza,0.19835824
Pizza,0.19835824
Pizza,0.19835824
Pizza,0.19835824
Pizza,0.19835824
Pizza,0.19835824
